{
  "scenario": "NUS333 uniform 10% shock to import tariff power (tm)",
  "macro": {
    "regions": [
      "USA",
      "ROW"
    ],
    "base": {
      "gdpmp": {
        "USA": 14.061781021225599,
        "ROW": 41.76956323619191
      },
      "regy": {
        "USA": 12.80184374805096,
        "ROW": 37.09993563765751
      },
      "u": {
        "USA": 0.9999999604981208,
        "ROW": 0.9999999001415767
      }
    },
    "shock": {
      "gdpmp": {
        "USA": 14.706348958178715,
        "ROW": 42.46687345179393
      },
      "regy": {
        "USA": 13.38232229958527,
        "ROW": 37.66359470976853
      },
      "u": {
        "USA": 1.0016494015392277,
        "ROW": 0.9918013232034414
      }
    },
    "pct": {
      "gdpmp": {
        "USA": 4.5838285774765675,
        "ROW": 1.6694218506882352
      },
      "regy": {
        "USA": 4.534335545398971,
        "ROW": 1.5192993260583876
      },
      "u": {
        "USA": 0.1649441106262861,
        "ROW": -0.8198577756832304
      }
    }
  },
  "welfare_huff": {
    "USA": {
      "EV_USDm": 21421.71195324744,
      "EV_priv": 8667.499208527208,
      "EV_gov": 16776.06124312535,
      "EV_save": -4021.8484984051156,
      "A_total": 0.0,
      "T_terms_of_trade": -0.04846349487780252,
      "IS_invest_saving": 118598.45321577555,
      "ENDW": 0.0,
      "TECH": 0.0,
      "total_recon": 118598.40475228066,
      "residual": -97176.69279903322,
      "residual_pct_of_EV": -453.63644610253317
    },
    "ROW": {
      "EV_USDm": -305558.5758781887,
      "EV_priv": -251911.96893384348,
      "EV_gov": 41901.34584977878,
      "EV_save": -95547.95279412396,
      "A_total": 0.0,
      "T_terms_of_trade": 0.1679127450039676,
      "IS_invest_saving": 197272.5292270463,
      "ENDW": 0.0,
      "TECH": 0.0,
      "total_recon": 197272.6971397913,
      "residual": -502831.27301798004,
      "residual_pct_of_EV": 164.56133544045392
    }
  }
}