{
  "scenario": "9x10 uniform 10% tm_pct shock, capFix closure, NAmerica residual",
  "regions": [
    "Oceania",
    "EastAsia",
    "SEAsia",
    "SouthAsia",
    "NAmerica",
    "LatinAmer",
    "EU_28",
    "MENA",
    "SSA",
    "RestofWorld"
  ],
  "macros": {
    "Oceania": {
      "u_base": 0.9999999519039201,
      "u_shock": 0.9943169376629108,
      "u_pct": -0.5683014241009254,
      "gdpmp_base": 1.5952303606646436,
      "gdpmp_shock": 1.6447902993092842,
      "gdpmp_pct": 3.1067574857333913,
      "regy_base": 1.3653532610469437,
      "regy_shock": 1.4041681731511202,
      "regy_pct": 2.842847577367169
    },
    "EastAsia": {
      "u_base": 0.9999999031565769,
      "u_shock": 0.9932942955989326,
      "u_pct": -0.6705607557644377,
      "gdpmp_base": 15.220271113534311,
      "gdpmp_shock": 15.423979499690297,
      "gdpmp_pct": 1.338401823702351,
      "regy_base": 13.09300962982968,
      "regy_shock": 13.230906669375702,
      "regy_pct": 1.0532111672159283
    },
    "SEAsia": {
      "u_base": 0.9999998518217167,
      "u_shock": 0.985941912116345,
      "u_pct": -1.4057939705371725,
      "gdpmp_base": 2.192118070064288,
      "gdpmp_shock": 2.206030675918675,
      "gdpmp_pct": 0.6346649865433207,
      "regy_base": 1.9078909248144107,
      "regy_shock": 1.9097035400106588,
      "regy_pct": 0.09500622769744727
    },
    "SouthAsia": {
      "u_base": 0.999999889551283,
      "u_shock": 0.9944390062466284,
      "u_pct": -0.5560883304654651,
      "gdpmp_base": 2.305594580374331,
      "gdpmp_shock": 2.358330816744012,
      "gdpmp_pct": 2.2873161144019827,
      "regy_base": 2.0841241474539345,
      "regy_shock": 2.12571924158056,
      "regy_pct": 1.995806928173649
    },
    "NAmerica": {
      "u_base": 1.0000001725014505,
      "u_shock": 0.9999484973855095,
      "u_pct": -0.005167511594095231,
      "gdpmp_base": 18.49069509014088,
      "gdpmp_shock": 19.19227159756756,
      "gdpmp_pct": 3.794213814064573,
      "regy_base": 16.232423682635893,
      "regy_shock": 16.819438195852022,
      "regy_pct": 3.6163084742795837
    },
    "LatinAmer": {
      "u_base": 0.9999999322390353,
      "u_shock": 0.9948407433743894,
      "u_pct": -0.5159188864645836,
      "gdpmp_base": 4.770429462486929,
      "gdpmp_shock": 4.928766898115051,
      "gdpmp_pct": 3.3191442588814235,
      "regy_base": 4.123262593375313,
      "regy_shock": 4.247977491021041,
      "regy_pct": 3.0246654153461616
    },
    "EU_28": {
      "u_base": 1.000000061945457,
      "u_shock": 0.9932421999983665,
      "u_pct": -0.6757861947090493,
      "gdpmp_base": 17.666263775724982,
      "gdpmp_shock": 17.98220475544396,
      "gdpmp_pct": 1.7883859526263146,
      "regy_base": 15.439444284842804,
      "regy_shock": 15.673569871313925,
      "regy_pct": 1.5164120039020235
    },
    "MENA": {
      "u_base": 1.0000000502401296,
      "u_shock": 0.9877185460342716,
      "u_pct": -1.2281504205858051,
      "gdpmp_base": 3.9881321597509447,
      "gdpmp_shock": 4.13772884181646,
      "gdpmp_pct": 3.7510462560713442,
      "regy_base": 3.5521603787159184,
      "regy_shock": 3.677862248687933,
      "regy_pct": 3.5387442167646554
    },
    "SSA": {
      "u_base": 0.9999982643700098,
      "u_shock": 0.9909279792936109,
      "u_pct": -0.9070285076398954,
      "gdpmp_base": 1.4606502796197016,
      "gdpmp_shock": 1.52548327185613,
      "gdpmp_pct": 4.4386389501331225,
      "regy_base": 1.3433905317085826,
      "regy_shock": 1.4000570212022692,
      "regy_pct": 4.218169486546519
    },
    "RestofWorld": {
      "u_base": 1.0000000185850801,
      "u_shock": 0.9858846587880141,
      "u_pct": -1.4115359797066018,
      "gdpmp_base": 3.787758832728052,
      "gdpmp_shock": 3.8691909309925894,
      "gdpmp_pct": 2.1498754767839134,
      "regy_base": 3.3048309151854145,
      "regy_shock": 3.3646086621366087,
      "regy_pct": 1.808798951756363
    }
  }
}