{
  "1": {
    "u": {
      "USA": 0.026118068024516106,
      "ROW": -0.05556926131248474
    },
    "yev": {
      "USA": 0.02548227086663246,
      "ROW": -0.055569086223840714
    },
    "EV": {
      "USA": 3262.200927734375,
      "ROW": -20615.95703125
    },
    "dpsave": {
      "USA": 1.673116683959961,
      "ROW": 0.0
    },
    "upev": {
      "USA": -0.052078500390052795,
      "ROW": -0.05521222949028015
    },
    "ugev": {
      "USA": -0.052322641015052795,
      "ROW": -0.05618295073509216
    },
    "qsaveev": {
      "USA": 1.619918704032898,
      "ROW": -0.05618295073509216
    },
    "uelasev": {
      "USA": -0.07778509706258774,
      "ROW": -0.000614207936450839
    },
    "ueprivev": {
      "USA": -0.0002443178091198206,
      "ROW": -0.0009715261403471231
    },
    "ypev": {
      "USA": -0.05207844451069832,
      "ROW": -0.055211957544088364
    },
    "ygev": {
      "USA": -0.052322641015052795,
      "ROW": -0.05618295073509216
    },
    "ysaveev": {
      "USA": 1.619918704032898,
      "ROW": -0.05618295073509216
    },
    "y": {
      "USA": 0.4586026668548584,
      "ROW": 0.21508477628231049
    },
    "yg": {
      "USA": 0.379185289144516,
      "ROW": 0.20769968628883362
    },
    "yp": {
      "USA": 0.3810729682445526,
      "ROW": 0.2193814516067505
    },
    "qsave": {
      "USA": 1.5160058736801147,
      "ROW": -0.1353931874036789
    },
    "psave": {
      "USA": 0.5345366597175598,
      "ROW": 0.3435579836368561
    }
  },
  "2": {
    "u": {
      "USA": 0.04984680190682411,
      "ROW": -0.11824087053537369
    },
    "yev": {
      "USA": 0.04734165221452713,
      "ROW": -0.11824008077383041
    },
    "EV": {
      "USA": 6060.60400390625,
      "ROW": -43867.00390625
    },
    "dpsave": {
      "USA": 3.3334553241729736,
      "ROW": 0.0
    },
    "upev": {
      "USA": -0.10709915310144424,
      "ROW": -0.11748163402080536
    },
    "ugev": {
      "USA": -0.10760100930929184,
      "ROW": -0.11954600363969803
    },
    "qsaveev": {
      "USA": 3.2222678661346436,
      "ROW": -0.11954600363969803
    },
    "uelasev": {
      "USA": -0.15486891567707062,
      "ROW": -0.0013074501184746623
    },
    "ueprivev": {
      "USA": -0.0005026499857194722,
      "ROW": -0.0020680257584899664
    },
    "ypev": {
      "USA": -0.10709889233112335,
      "ROW": -0.11748040467500687
    },
    "ygev": {
      "USA": -0.10760100930929184,
      "ROW": -0.11954600363969803
    },
    "ysaveev": {
      "USA": 3.2222678661346436,
      "ROW": -0.11954600363969803
    },
    "y": {
      "USA": 0.911334753036499,
      "ROW": 0.4164050221443176
    },
    "yg": {
      "USA": 0.7525165677070618,
      "ROW": 0.4016471207141876
    },
    "yp": {
      "USA": 0.756295382976532,
      "ROW": 0.4249911904335022
    },
    "qsave": {
      "USA": 3.0132415294647217,
      "ROW": -0.27732565999031067
    },
    "psave": {
      "USA": 1.065702199935913,
      "ROW": 0.6808609962463379
    }
  },
  "3": {
    "u": {
      "USA": 0.07135677337646484,
      "ROW": -0.18761566281318665
    },
    "yev": {
      "USA": 0.06580356508493423,
      "ROW": -0.18761368095874786
    },
    "EV": {
      "USA": 8424.068359375,
      "ROW": -69604.546875
    },
    "dpsave": {
      "USA": 4.981203079223633,
      "ROW": 0.0
    },
    "upev": {
      "USA": -0.16483871638774872,
      "ROW": -0.18641169369220734
    },
    "ugev": {
      "USA": -0.16561080515384674,
      "ROW": -0.18968525528907776
    },
    "qsaveev": {
      "USA": 4.807342529296875,
      "ROW": -0.18968525528907776
    },
    "uelasev": {
      "USA": -0.2312621772289276,
      "ROW": -0.002075487282127142
    },
    "ueprivev": {
      "USA": -0.0007739945431239903,
      "ROW": -0.0032827663235366344
    },
    "ypev": {
      "USA": -0.16483810544013977,
      "ROW": -0.1864086240530014
    },
    "ygev": {
      "USA": -0.16561080515384674,
      "ROW": -0.18968525528907776
    },
    "ysaveev": {
      "USA": 4.807342529296875,
      "ROW": -0.18968525528907776
    },
    "y": {
      "USA": 1.358487606048584,
      "ROW": 0.6043891906738281
    },
    "yg": {
      "USA": 1.1202929019927979,
      "ROW": 0.5822762250900269
    },
    "yp": {
      "USA": 1.1259647607803345,
      "ROW": 0.6172544956207275
    },
    "qsave": {
      "USA": 4.492084980010986,
      "ROW": -0.42537060379981995
    },
    "psave": {
      "USA": 1.5936282873153687,
      "ROW": 1.011951208114624
    }
  },
  "4": {
    "u": {
      "USA": 0.09080985188484192,
      "ROW": -0.26330965757369995
    },
    "yev": {
      "USA": 0.08108190447092056,
      "ROW": -0.26330581307411194
    },
    "EV": {
      "USA": 10379.98046875,
      "ROW": -97686.2890625
    },
    "dpsave": {
      "USA": 6.616555213928223,
      "ROW": 0.0
    },
    "upev": {
      "USA": -0.22508877515792847,
      "ROW": -0.2616211771965027
    },
    "ugev": {
      "USA": -0.22614262998104095,
      "ROW": -0.2662124037742615
    },
    "qsaveev": {
      "USA": 6.375448226928711,
      "ROW": -0.2662124037742615
    },
    "uelasev": {
      "USA": -0.3069787919521332,
      "ROW": -0.0029142643325030804
    },
    "ueprivev": {
      "USA": -0.0010573908220976591,
      "ROW": -0.004609326366335154
    },
    "ypev": {
      "USA": -0.22508762776851654,
      "ROW": -0.261615127325058
    },
    "ygev": {
      "USA": -0.22614262998104095,
      "ROW": -0.2662124037742615
    },
    "ysaveev": {
      "USA": 6.375448226928711,
      "ROW": -0.2662124037742615
    },
    "y": {
      "USA": 1.8003449440002441,
      "ROW": 0.779454231262207
    },
    "yg": {
      "USA": 1.482812523841858,
      "ROW": 0.7500091195106506
    },
    "yp": {
      "USA": 1.4903779029846191,
      "ROW": 0.7965853810310364
    },
    "qsave": {
      "USA": 5.952920913696289,
      "ROW": -0.5791216492652893
    },
    "psave": {
      "USA": 2.1184475421905518,
      "ROW": 1.3368726968765259
    }
  },
  "5": {
    "u": {
      "USA": 0.10836104303598404,
      "ROW": -0.34495940804481506
    },
    "yev": {
      "USA": 0.09338077902793884,
      "ROW": -0.34495285153388977
    },
    "EV": {
      "USA": 11954.46484375,
      "ROW": -127977.25
    },
    "dpsave": {
      "USA": 8.239720344543457,
      "ROW": 0.0
    },
    "upev": {
      "USA": -0.2876525819301605,
      "ROW": -0.34274905920028687
    },
    "ugev": {
      "USA": -0.28899869322776794,
      "ROW": -0.34875965118408203
    },
    "qsaveev": {
      "USA": 7.926908016204834,
      "ROW": -0.34875965118408203
    },
    "uelasev": {
      "USA": -0.38202276825904846,
      "ROW": -0.0038199538830667734
    },
    "ueprivev": {
      "USA": -0.0013519538333639503,
      "ROW": -0.006041645538061857
    },
    "ypev": {
      "USA": -0.28765061497688293,
      "ROW": -0.34273868799209595
    },
    "ygev": {
      "USA": -0.28899869322776794,
      "ROW": -0.34875965118408203
    },
    "ysaveev": {
      "USA": 7.926908016204834,
      "ROW": -0.34875965118408203
    },
    "y": {
      "USA": 2.2371842861175537,
      "ROW": 0.9420022368431091
    },
    "yg": {
      "USA": 1.8403581380844116,
      "ROW": 0.9052523970603943
    },
    "yp": {
      "USA": 1.8498159646987915,
      "ROW": 0.9633832573890686
    },
    "qsave": {
      "USA": 7.396145343780518,
      "ROW": -0.7381957769393921
    },
    "psave": {
      "USA": 2.640293598175049,
      "ROW": 1.6556700468063354
    }
  },
  "6": {
    "u": {
      "USA": 0.1241578608751297,
      "ROW": -0.43221184611320496
    },
    "yev": {
      "USA": 0.10289448499679565,
      "ROW": -0.4322015345096588
    },
    "EV": {
      "USA": 13172.3916015625,
      "ROW": -160346.53125
    },
    "dpsave": {
      "USA": 9.85090160369873,
      "ROW": 0.0
    },
    "upev": {
      "USA": -0.35234013199806213,
      "ROW": -0.42944464087486267
    },
    "ugev": {
      "USA": -0.3539882302284241,
      "ROW": -0.43696966767311096
    },